{
  "DCA": [
    [
      -77.03454,
      38.84721
    ],
    0.6093179580449439
  ],
  "BWI": [
    [
      -76.68408,
      39.17329
    ],
    0.9643900181186456
  ],
  "IAD": [
    [
      -77.44728,
      38.93485
    ],
    0.9117343837605715
  ],
  "PHL": [
    [
      -75.22681,
      39.87326
    ],
    0.8617803903411071
  ],
  "BOS": [
    [
      -71.00975,
      42.36057
    ],
    0.27720905043108973
  ],
  "PIT": [
    [
      -80.21448,
      40.48459
    ],
    -0.11506304887575801
  ],
  "RIC": [
    [
      -77.32338,
      37.51154
    ],
    -0.02274637313116464
  ],
  "LYH": [
    [
      -79.20649,
      37.32126
    ],
    0.011163916202748788
  ],
  "ROA": [
    [
      -79.97369,
      37.31719
    ],
    0.6503781749462655
  ],
  "ORF": [
    [
      -76.19266,
      36.90371
    ],
    0.04720238026836111
  ],
  "ABE": [
    [
      -75.44773,
      40.64984
    ],
    0.6668835549467994
  ],
  "BGM": [
    [
      -75.97993,
      42.20678
    ],
    0.6783558202047348
  ],
  "SYR": [
    [
      -76.10384,
      43.1111
    ],
    0.24325579161782607
  ],
  "BUF": [
    [
      -78.73606,
      42.93998
    ],
    0.3471929143089238
  ],
  "ROC": [
    [
      -77.67539,
      43.11723
    ],
    0.1941522083723771
  ],
  "ERI": [
    [
      -80.18236,
      42.08026
    ],
    0.7093074185818606
  ],
  "SBY": [
    [
      -75.51324,
      38.3409
    ],
    -0.0824892325446203
  ],
  "ALB": [
    [
      -73.79913,
      42.74722
    ],
    0.16392121086239383
  ],
  "BDL": [
    [
      -72.68202,
      41.93742
    ],
    0.9464890705645823
  ],
  "ISP": [
    [
      -73.10181,
      40.79389
    ],
    0.5247074599729035
  ],
  "PVD": [
    [
      -71.43248,
      41.72252
    ],
    0.23287171382735944
  ],
  "ORH": [
    [
      -71.8731,
      42.2706
    ],
    0.6611456918964593
  ]
}